{"cameraMode":{"drawMode":0,"name":"Shaded","section":"Shading Mode"},"sceneLighting":false,"audioPlay":false,"sceneViewState":{"showFog":true,"showMaterialUpdate":false,"showSkybox":true,"showFlares":true,"showImageEffects":true,"showParticleSystems":true},"in2DMode":false,"pivot":{"x":0.08051413297653198,"y":0.723314642906189,"z":0.03925740718841553},"rotation":{"x":-0.04473157599568367,"y":0.8178786635398865,"z":-0.06417899578809738,"w":-0.5700479745864868},"size":5.487942218780518,"orthographic":true}